Sim,Selective Pressure std,Selective Pressure mean
toynet_20251029__001259__,0.0004603153232874636,0.7718288897218877
toynet_20251029__002450__,0.0004929578381234006,0.7714550782512688
toynet_20251029__015557__,0.00043758985388662515,0.7703483583319704
toynet_20251029__015826__,0.0004464823137929483,0.7707657981796353
toynet_20251029__020157__,0.0003552385353276725,0.7708945980090557
