Sim,Selective Pressure std
toynet_20251029__001259__,0.0004603153232874636
toynet_20251029__002450__,0.0004929578381234006
toynet_20251029__015557__,0.00043758985388662515
toynet_20251029__015826__,0.0004464823137929483
toynet_20251029__020157__,0.0003552385353276725
